Airline,Flight_no,Time_Stamp_Date,Time_Stamp_Time,Source,Destination,Route,Dep_Time,Arrival_Time,Duration,Total_Stops,Price
IndiGo,6E 6813,20/11/25,0:00,Banglore,New Delhi,BLR - DEL,23:30,2:25,2h 55m,non stop,6194
IndiGo,6E 6813,20/11/25,3:00,Banglore,New Delhi,BLR - DEL,23:30,2:25,2h 55m,non stop,6194
IndiGo,6E 6813,20/11/25,6:00,Banglore,New Delhi,BLR - DEL,23:30,2:25,2h 55m,non stop,6194
IndiGo,6E 6813,20/11/25,9:00,Banglore,New Delhi,BLR - DEL,23:30,2:25,2h 55m,non stop,6622
IndiGo,6E 6813,20/11/25,12:00,Banglore,New Delhi,BLR - DEL,23:30,2:25,2h 55m,non stop,6622
IndiGo,6E 6813,20/11/25,15:00,Banglore,New Delhi,BLR - DEL,23:30,2:25,2h 55m,non stop,6622
IndiGo,6E 6813,20/11/25,18:00,Banglore,New Delhi,BLR - DEL,23:30,2:25,2h 55m,non stop,6622
IndiGo,6E 6813,20/11/25,21:00,Banglore,New Delhi,BLR - DEL,23:30,2:25,2h 55m,non stop,6622
IndiGo,6E 6813,21/11/25,0:00,Banglore,New Delhi,BLR - DEL,23:30,2:25,2h 55m,non stop,6622
IndiGo,6E 6813,21/11/25,3:00,Banglore,New Delhi,BLR - DEL,23:30,2:25,2h 55m,non stop,6214
IndiGo,6E 6813,21/11/25,6:00,Banglore,New Delhi,BLR - DEL,23:30,2:25,2h 55m,non stop,6214
IndiGo,6E 6813,21/11/25,9:00,Banglore,New Delhi,BLR - DEL,23:30,2:25,2h 55m,non stop,6517
IndiGo,6E 6813,21/11/25,12:00,Banglore,New Delhi,BLR - DEL,23:30,2:25,2h 55m,non stop,6517
IndiGo,6E 6813,21/11/25,15:00,Banglore,New Delhi,BLR - DEL,23:30,2:25,2h 55m,non stop,6517
IndiGo,6E 6813,21/11/25,18:00,Banglore,New Delhi,BLR - DEL,23:30,2:25,2h 55m,non stop,6517
IndiGo,6E 6813,21/11/25,21:00,Banglore,New Delhi,BLR - DEL,23:30,2:25,2h 55m,non stop,6815
IndiGo,6E 6813,22/11/25,0:00,Banglore,New Delhi,BLR - DEL,23:30,2:25,2h 55m,non stop,6815
IndiGo,6E 6813,22/11/25,3:00,Banglore,New Delhi,BLR - DEL,23:30,2:25,2h 55m,non stop,6815
IndiGo,6E 6813,22/11/25,6:00,Banglore,New Delhi,BLR - DEL,23:30,2:25,2h 55m,non stop,6815
IndiGo,6E 6813,22/11/25,9:00,Banglore,New Delhi,BLR - DEL,23:30,2:25,2h 55m,non stop,6815
IndiGo,6E 6813,22/11/25,12:00,Banglore,New Delhi,BLR - DEL,23:30,2:25,2h 55m,non stop,6885
IndiGo,6E 6813,22/11/25,15:00,Banglore,New Delhi,BLR - DEL,23:30,2:25,2h 55m,non stop,6885
IndiGo,6E 6813,22/11/25,18:00,Banglore,New Delhi,BLR - DEL,23:30,2:25,2h 55m,non stop,6885
IndiGo,6E 6813,22/11/25,21:00,Banglore,New Delhi,BLR - DEL,23:30,2:25,2h 55m,non stop,8274
IndiGo,6E 6283,20/11/25,0:00,Banglore,New Delhi,BLR - BOM - DEL,23:25,5:00,5h 35m,1 stop,6567
IndiGo,6E 6283,20/11/25,3:00,Banglore,New Delhi,BLR - BOM - DEL,23:25,5:00,5h 35m,1 stop,6567
IndiGo,6E 6283,20/11/25,6:00,Banglore,New Delhi,BLR - BOM - DEL,23:25,5:00,5h 35m,1 stop,6567
IndiGo,6E 6283,20/11/25,9:00,Banglore,New Delhi,BLR - BOM - DEL,23:25,5:00,5h 35m,1 stop,7040
IndiGo,6E 6283,20/11/25,12:00,Banglore,New Delhi,BLR - BOM - DEL,23:25,5:00,5h 35m,1 stop,7040
IndiGo,6E 6283,20/11/25,15:00,Banglore,New Delhi,BLR - BOM - DEL,23:25,5:00,5h 35m,1 stop,7040
IndiGo,6E 6283,20/11/25,18:00,Banglore,New Delhi,BLR - BOM - DEL,23:25,5:00,5h 35m,1 stop,6738
IndiGo,6E 6283,20/11/25,21:00,Banglore,New Delhi,BLR - BOM - DEL,23:25,5:00,5h 35m,1 stop,6826
IndiGo,6E 6283,21/11/25,0:00,Banglore,New Delhi,BLR - BOM - DEL,23:25,5:00,5h 35m,1 stop,7589
IndiGo,6E 6283,21/11/25,3:00,Banglore,New Delhi,BLR - BOM - DEL,23:25,5:00,5h 35m,1 stop,7341
IndiGo,6E 6283,21/11/25,6:00,Banglore,New Delhi,BLR - BOM - DEL,23:25,5:00,5h 35m,1 stop,7341
IndiGo,6E 6283,21/11/25,9:00,Banglore,New Delhi,BLR - BOM - DEL,23:25,5:00,5h 35m,1 stop,7772
IndiGo,6E 6283,21/11/25,12:00,Banglore,New Delhi,BLR - BOM - DEL,23:25,5:00,5h 35m,1 stop,8262
IndiGo,6E 6283,21/11/25,15:00,Banglore,New Delhi,BLR - BOM - DEL,23:25,5:00,5h 35m,1 stop,8262
IndiGo,6E 6283,21/11/25,18:00,Banglore,New Delhi,BLR - BOM - DEL,23:25,5:00,5h 35m,1 stop,8281
IndiGo,6E 6283,21/11/25,21:00,Banglore,New Delhi,BLR - BOM - DEL,23:25,5:00,5h 35m,1 stop,8284
IndiGo,6E 6283,22/11/25,0:00,Banglore,New Delhi,BLR - BOM - DEL,23:25,5:00,5h 35m,1 stop,9532
IndiGo,6E 6283,22/11/25,3:00,Banglore,New Delhi,BLR - BOM - DEL,23:25,5:00,5h 35m,1 stop,9532
IndiGo,6E 6283,22/11/25,6:00,Banglore,New Delhi,BLR - BOM - DEL,23:25,5:00,5h 35m,1 stop,10319
IndiGo,6E 6283,22/11/25,9:00,Banglore,New Delhi,BLR - BOM - DEL,23:25,5:00,5h 35m,1 stop,10319
IndiGo,6E 6283,22/11/25,12:00,Banglore,New Delhi,BLR - BOM - DEL,23:25,5:00,5h 35m,1 stop,10402
IndiGo,6E 6283,22/11/25,15:00,Banglore,New Delhi,BLR - BOM - DEL,23:25,5:00,5h 35m,1 stop,10402
IndiGo,6E 6283,22/11/25,18:00,Banglore,New Delhi,BLR - BOM - DEL,23:25,5:00,5h 35m,1 stop,11461
IndiGo,6E 6283,22/11/25,21:00,Banglore,New Delhi,BLR - BOM - DEL,23:25,5:00,5h 35m,1 stop,11924
IndiGo,6E 6021,20/11/25,0:00,Banglore,New Delhi,BLR - DEL,5:45,8:35,2h 50m,non stop,6461
IndiGo,6E 6021,20/11/25,3:00,Banglore,New Delhi,BLR - DEL,5:45,8:35,2h 50m,non stop,6461
IndiGo,6E 6021,20/11/25,6:00,Banglore,New Delhi,BLR - DEL,5:45,8:35,2h 50m,non stop,6461
IndiGo,6E 6021,20/11/25,9:00,Banglore,New Delhi,BLR - DEL,5:45,8:35,2h 50m,non stop,6761
IndiGo,6E 6021,20/11/25,12:00,Banglore,New Delhi,BLR - DEL,5:45,8:35,2h 50m,non stop,6761
IndiGo,6E 6021,20/11/25,15:00,Banglore,New Delhi,BLR - DEL,5:45,8:35,2h 50m,non stop,6761
IndiGo,6E 6021,20/11/25,18:00,Banglore,New Delhi,BLR - DEL,5:45,8:35,2h 50m,non stop,6661
IndiGo,6E 6021,20/11/25,21:00,Banglore,New Delhi,BLR - DEL,5:45,8:35,2h 50m,non stop,6778
IndiGo,6E 6021,21/11/25,0:00,Banglore,New Delhi,BLR - DEL,5:45,8:35,2h 50m,non stop,7032
IndiGo,6E 6021,21/11/25,3:00,Banglore,New Delhi,BLR - DEL,5:45,8:35,2h 50m,non stop,6813
IndiGo,6E 6021,21/11/25,6:00,Banglore,New Delhi,BLR - DEL,5:45,8:35,2h 50m,non stop,6813
IndiGo,6E 6021,21/11/25,9:00,Banglore,New Delhi,BLR - DEL,5:45,8:35,2h 50m,non stop,7388
IndiGo,6E 6021,21/11/25,12:00,Banglore,New Delhi,BLR - DEL,5:45,8:35,2h 50m,non stop,7551
IndiGo,6E 6021,21/11/25,15:00,Banglore,New Delhi,BLR - DEL,5:45,8:35,2h 50m,non stop,7551
IndiGo,6E 6021,21/11/25,18:00,Banglore,New Delhi,BLR - DEL,5:45,8:35,2h 50m,non stop,7558
IndiGo,6E 6021,21/11/25,21:00,Banglore,New Delhi,BLR - DEL,5:45,8:35,2h 50m,non stop,7562
IndiGo,6E 6021,22/11/25,0:00,Banglore,New Delhi,BLR - DEL,5:45,8:35,2h 50m,non stop,7978
IndiGo,6E 6021,22/11/25,3:00,Banglore,New Delhi,BLR - DEL,5:45,8:35,2h 50m,non stop,7978
IndiGo,6E 6021,22/11/25,6:00,Banglore,New Delhi,BLR - DEL,5:45,8:35,2h 50m,non stop,8485
IndiGo,6E 6021,22/11/25,9:00,Banglore,New Delhi,BLR - DEL,5:45,8:35,2h 50m,non stop,8485
IndiGo,6E 6021,22/11/25,12:00,Banglore,New Delhi,BLR - DEL,5:45,8:35,2h 50m,non stop,8536
IndiGo,6E 6021,22/11/25,15:00,Banglore,New Delhi,BLR - DEL,5:45,8:35,2h 50m,non stop,8536
IndiGo,6E 6021,22/11/25,18:00,Banglore,New Delhi,BLR - DEL,5:45,8:35,2h 50m,non stop,9239
IndiGo,6E 6021,22/11/25,21:00,Banglore,New Delhi,BLR - DEL,5:45,8:35,2h 50m,non stop,9856
IndiGo,6E 6401,20/11/25,0:00,Banglore,New Delhi,BLR - DEL,13:00,15:55,2h 55m,non stop,6622
IndiGo,6E 6401,20/11/25,3:00,Banglore,New Delhi,BLR - DEL,13:00,15:55,2h 55m,non stop,6622
IndiGo,6E 6401,20/11/25,6:00,Banglore,New Delhi,BLR - DEL,13:00,15:55,2h 55m,non stop,6622
IndiGo,6E 6401,20/11/25,9:00,Banglore,New Delhi,BLR - DEL,13:00,15:55,2h 55m,non stop,6622
IndiGo,6E 6401,20/11/25,12:00,Banglore,New Delhi,BLR - DEL,13:00,15:55,2h 55m,non stop,6622
IndiGo,6E 6401,20/11/25,15:00,Banglore,New Delhi,BLR - DEL,13:00,15:55,2h 55m,non stop,6622
IndiGo,6E 6401,20/11/25,18:00,Banglore,New Delhi,BLR - DEL,13:00,15:55,2h 55m,non stop,6622
IndiGo,6E 6401,20/11/25,21:00,Banglore,New Delhi,BLR - DEL,13:00,15:55,2h 55m,non stop,6885
IndiGo,6E 6401,21/11/25,0:00,Banglore,New Delhi,BLR - DEL,13:00,15:55,2h 55m,non stop,6885
IndiGo,6E 6401,21/11/25,3:00,Banglore,New Delhi,BLR - DEL,13:00,15:55,2h 55m,non stop,6885
IndiGo,6E 6401,21/11/25,6:00,Banglore,New Delhi,BLR - DEL,13:00,15:55,2h 55m,non stop,6885
IndiGo,6E 6401,21/11/25,9:00,Banglore,New Delhi,BLR - DEL,13:00,15:55,2h 55m,non stop,7875
IndiGo,6E 6401,21/11/25,12:00,Banglore,New Delhi,BLR - DEL,13:00,15:55,2h 55m,non stop,7875
IndiGo,6E 6401,21/11/25,15:00,Banglore,New Delhi,BLR - DEL,13:00,15:55,2h 55m,non stop,7875
IndiGo,6E 6401,21/11/25,18:00,Banglore,New Delhi,BLR - DEL,13:00,15:55,2h 55m,non stop,7875
IndiGo,6E 6401,21/11/25,21:00,Banglore,New Delhi,BLR - DEL,13:00,15:55,2h 55m,non stop,7586
IndiGo,6E 6401,22/11/25,0:00,Banglore,New Delhi,BLR - DEL,13:00,15:55,2h 55m,non stop,7586
IndiGo,6E 6401,22/11/25,3:00,Banglore,New Delhi,BLR - DEL,13:00,15:55,2h 55m,non stop,7586
IndiGo,6E 6401,22/11/25,6:00,Banglore,New Delhi,BLR - DEL,13:00,15:55,2h 55m,non stop,8321
IndiGo,6E 6401,22/11/25,9:00,Banglore,New Delhi,BLR - DEL,13:00,15:55,2h 55m,non stop,8321
IndiGo,6E 6401,22/11/25,12:00,Banglore,New Delhi,BLR - DEL,13:00,15:55,2h 55m,non stop,8321
IndiGo,6E 6401,22/11/25,15:00,Banglore,New Delhi,BLR - DEL,13:00,15:55,2h 55m,non stop,8321
IndiGo,6E 6401,22/11/25,18:00,Banglore,New Delhi,BLR - DEL,13:00,15:55,2h 55m,non stop,9371
IndiGo,6E 6401,22/11/25,21:00,Banglore,New Delhi,BLR - DEL,13:00,15:55,2h 55m,non stop,9371